{
  "shipped_cpu_s": 67.0,
  "cosine_recall3": 0.35374149659863946,
  "cosine_recall15": 0.6428571428571429,
  "H20": {
    "mmarco-MiniLM-L12": {
      "params": 117.6,
      "recall3": 0.40476190476190477,
      "spearman": -0.04242424242424241,
      "intrusions": 6,
      "m_hit": null,
      "cpu_pairs_per_s": 152.70336347514876,
      "cpu_cut": 0.9011312685156142,
      "replacement": false,
      "cascade": false,
      "curve": {
        "1": 0.2108843537414966,
        "2": 0.3197278911564626,
        "3": 0.40476190476190477,
        "4": 0.4421768707482993,
        "5": 0.47619047619047616,
        "6": 0.5034013605442177,
        "7": 0.5306122448979592,
        "8": 0.5476190476190477,
        "9": 0.5680272108843537,
        "10": 0.5850340136054422,
        "11": 0.5986394557823129,
        "12": 0.6122448979591837,
        "13": 0.6156462585034014,
        "14": 0.6258503401360545,
        "15": 0.6326530612244898,
        "16": 0.6326530612244898,
        "17": 0.6394557823129252,
        "18": 0.6496598639455783,
        "19": 0.6564625850340136,
        "20": 0.6598639455782312,
        "21": 0.6666666666666666,
        "22": 0.6700680272108843,
        "23": 0.6700680272108843,
        "24": 0.673469387755102,
        "25": 0.673469387755102,
        "26": 0.673469387755102,
        "27": 0.6768707482993197,
        "28": 0.6768707482993197,
        "29": 0.6904761904761905,
        "30": 0.6972789115646258,
        "31": 0.7210884353741497,
        "32": 0.7312925170068028,
        "33": 0.7414965986394558,
        "34": 0.7585034013605442,
        "35": 0.7619047619047619,
        "36": 0.7687074829931972,
        "37": 0.7925170068027211,
        "38": 0.7993197278911565,
        "39": 0.8027210884353742,
        "40": 0.8061224489795918
      }
    },
    "jina-rerank-v2": {
      "params": 278.4,
      "recall3": 0.5986394557823129,
      "spearman": 0.9636363636363635,
      "intrusions": 4,
      "m_hit": 26,
      "cpu_pairs_per_s": 86.27764383193127,
      "cpu_cut": 0.825011588522316,
      "replacement": false,
      "cascade": true,
      "curve": {
        "1": 0.2925170068027211,
        "2": 0.4965986394557823,
        "3": 0.5986394557823129,
        "4": 0.6564625850340136,
        "5": 0.7210884353741497,
        "6": 0.7448979591836735,
        "7": 0.7653061224489796,
        "8": 0.7959183673469388,
        "9": 0.8163265306122449,
        "10": 0.8231292517006803,
        "11": 0.8333333333333334,
        "12": 0.8537414965986394,
        "13": 0.8605442176870748,
        "14": 0.8741496598639455,
        "15": 0.8809523809523809,
        "16": 0.891156462585034,
        "17": 0.8979591836734694,
        "18": 0.9047619047619048,
        "19": 0.9149659863945578,
        "20": 0.9183673469387755,
        "21": 0.9183673469387755,
        "22": 0.9251700680272109,
        "23": 0.9319727891156463,
        "24": 0.9455782312925171,
        "25": 0.9489795918367347,
        "26": 0.95578231292517,
        "27": 0.95578231292517,
        "28": 0.9591836734693877,
        "29": 0.9625850340136054,
        "30": 0.9693877551020408,
        "31": 0.9693877551020408,
        "32": 0.9693877551020408,
        "33": 0.9693877551020408,
        "34": 0.9693877551020408,
        "35": 0.9727891156462585,
        "36": 0.9761904761904762,
        "37": 0.9761904761904762,
        "38": 0.9795918367346939,
        "39": 0.9795918367346939,
        "40": 0.9795918367346939
      }
    }
  },
  "H21": {
    "recall3": 0.43197278911564624,
    "spearman": 0.9636363636363635,
    "m_hit": null,
    "cosine_recall3": 0.35374149659863946,
    "kill_pass": false,
    "replacement": false,
    "cascade": false,
    "curve": {
      "1": 0.2619047619047619,
      "2": 0.40476190476190477,
      "3": 0.43197278911564624,
      "4": 0.47619047619047616,
      "5": 0.5204081632653061,
      "6": 0.5408163265306123,
      "7": 0.5510204081632653,
      "8": 0.564625850340136,
      "9": 0.5680272108843537,
      "10": 0.5748299319727891,
      "11": 0.5918367346938775,
      "12": 0.6156462585034014,
      "13": 0.6462585034013606,
      "14": 0.6530612244897959,
      "15": 0.6632653061224489,
      "16": 0.6802721088435374,
      "17": 0.6938775510204082,
      "18": 0.7108843537414966,
      "19": 0.7210884353741497,
      "20": 0.7585034013605442,
      "21": 0.7721088435374149,
      "22": 0.7959183673469388,
      "23": 0.7993197278911565,
      "24": 0.8027210884353742,
      "25": 0.8061224489795918,
      "26": 0.8129251700680272,
      "27": 0.8231292517006803,
      "28": 0.826530612244898,
      "29": 0.826530612244898,
      "30": 0.8435374149659864,
      "31": 0.8571428571428571,
      "32": 0.8741496598639455,
      "33": 0.891156462585034,
      "34": 0.9013605442176871,
      "35": 0.9149659863945578,
      "36": 0.9183673469387755,
      "37": 0.9387755102040817,
      "38": 0.9489795918367347,
      "39": 0.9489795918367347,
      "40": 0.9489795918367347
    }
  },
  "H22": {
    "recall3": 0.11564625850340136,
    "recall15": 0.391156462585034,
    "m_hit": null,
    "cosine_recall15": 0.6428571428571429,
    "kill_pass": false,
    "cascade": false,
    "curve": {
      "1": 0.06462585034013606,
      "2": 0.08163265306122448,
      "3": 0.11564625850340136,
      "4": 0.14285714285714285,
      "5": 0.16326530612244897,
      "6": 0.2108843537414966,
      "7": 0.25170068027210885,
      "8": 0.2891156462585034,
      "9": 0.3197278911564626,
      "10": 0.32653061224489793,
      "11": 0.336734693877551,
      "12": 0.3707482993197279,
      "13": 0.37755102040816324,
      "14": 0.3843537414965986,
      "15": 0.391156462585034,
      "16": 0.4013605442176871,
      "17": 0.41836734693877553,
      "18": 0.4489795918367347,
      "19": 0.47619047619047616,
      "20": 0.5102040816326531,
      "21": 0.5306122448979592,
      "22": 0.54421768707483,
      "23": 0.5714285714285714,
      "24": 0.6190476190476191,
      "25": 0.6292517006802721,
      "26": 0.6360544217687075,
      "27": 0.6496598639455783,
      "28": 0.6632653061224489,
      "29": 0.6836734693877551,
      "30": 0.6904761904761905,
      "31": 0.7006802721088435,
      "32": 0.7142857142857143,
      "33": 0.7278911564625851,
      "34": 0.7551020408163265,
      "35": 0.7687074829931972,
      "36": 0.782312925170068,
      "37": 0.7925170068027211,
      "38": 0.8129251700680272,
      "39": 0.8707482993197279,
      "40": 0.9081632653061225
    }
  },
  "H23": {
    "pairs": 6860,
    "p95": 151,
    "p100": 256,
    "waste": 2.5374036104845734,
    "proj_cut": 0.5830766071061819,
    "cur_s": 6.384273110998038,
    "bucketed_s": 6.275251134997234,
    "cpu_cut": 0.017076646644861526,
    "score_spearman": 1.0,
    "kill_pass": true,
    "passed": false
  },
  "H24": {
    "redundancy": 0.9142857142857143,
    "k_eff": 10,
    "kill_pass": true,
    "best": null,
    "passed": false,
    "sweep": [
      {
        "k": 45,
        "recall": 0.850187265917603,
        "spearman": 0.7212121212121211,
        "cut": 0.3571428571428571,
        "ships": false
      },
      {
        "k": 40,
        "recall": 0.7752808988764045,
        "spearman": 0.24848484848484845,
        "cut": 0.4285714285714286,
        "ships": false
      },
      {
        "k": 35,
        "recall": 0.736,
        "spearman": -0.07878787878787878,
        "cut": 0.5,
        "ships": false
      },
      {
        "k": 33,
        "recall": 0.7325102880658436,
        "spearman": -0.0303030303030303,
        "cut": 0.5285714285714286,
        "ships": false
      },
      {
        "k": 30,
        "recall": 0.6069868995633187,
        "spearman": -0.6969696969696969,
        "cut": 0.5714285714285714,
        "ships": false
      },
      {
        "k": 25,
        "recall": 0.6390243902439025,
        "spearman": -0.7454545454545454,
        "cut": 0.6428571428571428,
        "ships": false
      },
      {
        "k": 20,
        "recall": 0.75,