{
  "shipped_cpu_s": 67.0,
  "cosine_recall3": 0.3854166666666667,
  "cosine_recall15": 0.6119791666666666,
  "H20": {
    "mmarco-MiniLM-L12": {
      "params": 117.6,
      "recall3": 0.4505208333333333,
      "spearman": 0.5757575757575757,
      "intrusions": 0,
      "m_hit": null,
      "cpu_pairs_per_s": 120.58864169786663,
      "cpu_cut": 0.8818505222474378,
      "replacement": false,
      "cascade": false,
      "curve": {
        "1": 0.2526041666666667,
        "2": 0.3802083333333333,
        "3": 0.4505208333333333,
        "4": 0.4947916666666667,
        "5": 0.5104166666666666,
        "6": 0.53125,
        "7": 0.5494791666666666,
        "8": 0.5651041666666666,
        "9": 0.5807291666666666,
        "10": 0.6067708333333334,
        "11": 0.6171875,
        "12": 0.6276041666666666,
        "13": 0.6432291666666666,
        "14": 0.6458333333333334,
        "15": 0.6484375,
        "16": 0.6510416666666666,
        "17": 0.6614583333333334,
        "18": 0.671875,
        "19": 0.6796875,
        "20": 0.6901041666666666,
        "21": 0.6901041666666666,
        "22": 0.6953125,
        "23": 0.6979166666666666,
        "24": 0.6979166666666666,
        "25": 0.703125,
        "26": 0.7135416666666666,
        "27": 0.7265625,
        "28": 0.7317708333333334,
        "29": 0.7395833333333334,
        "30": 0.7447916666666666,
        "31": 0.75,
        "32": 0.7578125,
        "33": 0.7682291666666666,
        "34": 0.7760416666666666,
        "35": 0.7864583333333334,
        "36": 0.7942708333333334,
        "37": 0.8046875,
        "38": 0.8098958333333334,
        "39": 0.8125,
        "40": 0.8177083333333334
      }
    },
    "jina-rerank-v2": {
      "params": 278.4,
      "recall3": 0.6276041666666666,
      "spearman": 0.9272727272727272,
      "intrusions": 1,
      "m_hit": 34,
      "cpu_pairs_per_s": 93.06382839863444,
      "cpu_cut": 0.8469063084481613,
      "replacement": false,
      "cascade": false,
      "curve": {
        "1": 0.2916666666666667,
        "2": 0.5234375,
        "3": 0.6276041666666666,
        "4": 0.6953125,
        "5": 0.734375,
        "6": 0.7604166666666666,
        "7": 0.78125,
        "8": 0.7994791666666666,
        "9": 0.8098958333333334,
        "10": 0.8203125,
        "11": 0.8307291666666666,
        "12": 0.8463541666666666,
        "13": 0.8645833333333334,
        "14": 0.8645833333333334,
        "15": 0.8697916666666666,
        "16": 0.8880208333333334,
        "17": 0.8880208333333334,
        "18": 0.8880208333333334,
        "19": 0.8880208333333334,
        "20": 0.8932291666666666,
        "21": 0.9036458333333334,
        "22": 0.90625,
        "23": 0.9088541666666666,
        "24": 0.9088541666666666,
        "25": 0.9166666666666666,
        "26": 0.9296875,
        "27": 0.9348958333333334,
        "28": 0.9348958333333334,
        "29": 0.9401041666666666,
        "30": 0.9401041666666666,
        "31": 0.9453125,
        "32": 0.9453125,
        "33": 0.9479166666666666,
        "34": 0.9505208333333334,
        "35": 0.9505208333333334,
        "36": 0.9505208333333334,
        "37": 0.953125,
        "38": 0.953125,
        "39": 0.9583333333333334,
        "40": 0.9635416666666666
      }
    }
  },
  "H21": {
    "recall3": 0.46875,
    "spearman": 0.07878787878787878,
    "m_hit": null,
    "cosine_recall3": 0.3854166666666667,
    "kill_pass": false,
    "replacement": false,
    "cascade": false,
    "curve": {
      "1": 0.2421875,
      "2": 0.4010416666666667,
      "3": 0.46875,
      "4": 0.5052083333333334,
      "5": 0.5442708333333334,
      "6": 0.5677083333333334,
      "7": 0.5911458333333334,
      "8": 0.6171875,
      "9": 0.6276041666666666,
      "10": 0.6458333333333334,
      "11": 0.6640625,
      "12": 0.671875,
      "13": 0.6848958333333334,
      "14": 0.6953125,
      "15": 0.703125,
      "16": 0.703125,
      "17": 0.7109375,
      "18": 0.7239583333333334,
      "19": 0.7317708333333334,
      "20": 0.7395833333333334,
      "21": 0.7447916666666666,
      "22": 0.7526041666666666,
      "23": 0.7604166666666666,
      "24": 0.7760416666666666,
      "25": 0.7916666666666666,
      "26": 0.7994791666666666,
      "27": 0.8072916666666666,
      "28": 0.8125,
      "29": 0.8151041666666666,
      "30": 0.828125,
      "31": 0.84375,
      "32": 0.8541666666666666,
      "33": 0.875,
      "34": 0.8880208333333334,
      "35": 0.9088541666666666,
      "36": 0.9270833333333334,
      "37": 0.9348958333333334,
      "38": 0.9401041666666666,
      "39": 0.9401041666666666,
      "40": 0.9427083333333334
    }
  },
  "H22": {
    "recall3": 0.078125,
    "recall15": 0.34375,
    "m_hit": null,
    "cosine_recall15": 0.6119791666666666,
    "kill_pass": false,
    "cascade": false,
    "curve": {
      "1": 0.044270833333333336,
      "2": 0.0625,
      "3": 0.078125,
      "4": 0.11197916666666667,
      "5": 0.1328125,
      "6": 0.15364583333333334,
      "7": 0.20572916666666666,
      "8": 0.22395833333333334,
      "9": 0.2552083333333333,
      "10": 0.2734375,
      "11": 0.2916666666666667,
      "12": 0.3151041666666667,
      "13": 0.3255208333333333,
      "14": 0.3359375,
      "15": 0.34375,
      "16": 0.3541666666666667,
      "17": 0.375,
      "18": 0.4036458333333333,
      "19": 0.4401041666666667,
      "20": 0.4635416666666667,
      "21": 0.4713541666666667,
      "22": 0.4947916666666667,
      "23": 0.515625,
      "24": 0.5390625,
      "25": 0.5520833333333334,
      "26": 0.5651041666666666,
      "27": 0.5833333333333334,
      "28": 0.6015625,
      "29": 0.6328125,
      "30": 0.6458333333333334,
      "31": 0.6770833333333334,
      "32": 0.6901041666666666,
      "33": 0.7213541666666666,
      "34": 0.7395833333333334,
      "35": 0.7578125,
      "36": 0.7708333333333334,
      "37": 0.796875,
      "38": 0.8203125,
      "39": 0.859375,
      "40": 0.890625
    }
  },
  "H23": {
    "pairs": 8960,
    "p95": 130,
    "p100": 256,
    "waste": 2.818721112984702,
    "proj_cut": 0.6197366281905381,
    "cur_s": 73.15389298801892,
    "bucketed_s": 41.9887551869906,
    "cpu_cut": 0.4260215899396157,
    "score_spearman": 0.9999752368454401,
    "kill_pass": true,
    "passed": false
  },
  "H24": {
    "redundancy": 0.9142857142857143,
    "k_eff": 10,
    "kill_pass": true,
    "best": null,
    "passed": false,
    "sweep": [
      {
        "k": 45,
        "recall": 0.935672514619883,
        "spearman": 0.8424242424242423,
        "cut": 0.3571428571428571,
        "ships": false
      },
      {
        "k": 40,
        "recall": 0.8240469208211144,
        "spearman": 0.9272727272727272,
        "cut": 0.4285714285714286,
        "ships": false
      },
      {
        "k": 35,
        "recall": 0.7617554858934169,
        "spearman": 0.8060606060606059,
        "cut": 0.5,
        "ships": false
      },
      {
        "k": 33,
        "recall": 0.7341772151898734,
        "spearman": 0.5272727272727272,
        "cut": 0.5285714285714286,
        "ships": false
      },
      {
        "k": 30,
        "recall": 0.6644295302013423,
        "spearman": 0.4787878787878787,
        "cut": 0.5714285714285714,
        "ships": false
      },
      {
        "k": 25,
        "recall": 0.6501901140684411,
        "spearman": 0.4666666666666666,
        "cut": 0.6428571428571428,
        "ships": false
      },
      {
        "k": 20,
        "recall": 0.7023255813953488,
        "spearman": 0.43030303030303024,
        "cut": 0.7142857142857143,
        "ships": false
      }
    ]
  },
  "verdicts": {
    "E05-H20": "Refuted",
    "E05-H21": "Killed at gate",
    "E05-H22": "Killed at gate (proxy)",
    "E05-H23": "Refuted",
    "E05-H24": "Refuted"
  },
  "survivors": [],
  "composite_structural_cut": 0.0
}