{
  "gate": "lift in a metric OR CPU latency, guardrails held",
  "shipped_intrusions": 0,
  "shipped_severity": "Set2>Set1",
  "cosine_recall3": 0.3854166666666667,
  "cosine_recall15": 0.6119791666666666,
  "H25": {
    "pairs": 8960,
    "waste": 2.577594307421715,
    "p100": 256,
    "cur_s": 860.3635469799628,
    "bucketed_s": 449.7545059059921,
    "cpu_cut": 0.47725062563992315,
    "max_abs_delta": 0.053125619888305664,
    "score_spearman": 0.9999449169013441,
    "dgrd_spearman": 0.9999999999999999,
    "intrusions_cur": 0,
    "intrusions_bucketed": 0,
    "severity": "Set2>Set1",
    "preserved": true,
    "ships": true
  },
  "H26": {
    "repo": "jinaai/jina-colbert-v2",
    "recall3": 0.4713541666666667,
    "spearman": 0.5515151515151515,
    "intrusions": 3,
    "m_hit": 37,
    "proxy_recall3": 0.47,
    "cosine_recall3": 0.3854166666666667,
    "kill_pass": false,
    "replacement": false,
    "cascade": false,
    "cascade_cpu_cut": 0.0,
    "wall_s": 19.16918294399511,
    "curve": {
      "1": 0.2421875,
      "2": 0.390625,
      "3": 0.4713541666666667,
      "4": 0.5286458333333334,
      "5": 0.5625,
      "6": 0.6015625,
      "7": 0.6302083333333334,
      "8": 0.6432291666666666,
      "9": 0.6510416666666666,
      "10": 0.6692708333333334,
      "11": 0.6796875,
      "12": 0.703125,
      "13": 0.7265625,
      "14": 0.7421875,
      "15": 0.75,
      "16": 0.765625,
      "17": 0.7786458333333334,
      "18": 0.7942708333333334,
      "19": 0.8072916666666666,
      "20": 0.8177083333333334,
      "21": 0.8333333333333334,
      "22": 0.84375,
      "23": 0.8541666666666666,
      "24": 0.8645833333333334,
      "25": 0.8776041666666666,
      "26": 0.8854166666666666,
      "27": 0.8932291666666666,
      "28": 0.9036458333333334,
      "29": 0.90625,
      "30": 0.9166666666666666,
      "31": 0.9270833333333334,
      "32": 0.9322916666666666,
      "33": 0.9322916666666666,
      "34": 0.9348958333333334,
      "35": 0.9401041666666666,
      "36": 0.9479166666666666,
      "37": 0.9505208333333334,
      "38": 0.9505208333333334,
      "39": 0.953125,
      "40": 0.9583333333333334
    }
  },
  "H27": {
    "repo": "BAAI/bge-m3",
    "recall3": 0.5572916666666666,
    "recall15": 0.8229166666666666,
    "spearman": -0.7696969696969697,
    "intrusions": 6,
    "m_hit": 39,
    "proxy_recall15": 0.34,
    "cosine_recall15": 0.6119791666666666,
    "kill_pass": true,
    "replacement": false,
    "cascade": false,
    "cascade_cpu_cut": 0.0,
    "wall_s": 50.91525477200048,
    "curve": {
      "1": 0.2630208333333333,
      "2": 0.4557291666666667,
      "3": 0.5572916666666666,
      "4": 0.6197916666666666,
      "5": 0.6432291666666666,
      "6": 0.6692708333333334,
      "7": 0.6901041666666666,
      "8": 0.7057291666666666,
      "9": 0.7369791666666666,
      "10": 0.7604166666666666,
      "11": 0.78125,
      "12": 0.7994791666666666,
      "13": 0.8046875,
      "14": 0.8072916666666666,
      "15": 0.8229166666666666,
      "16": 0.8307291666666666,
      "17": 0.8411458333333334,
      "18": 0.8463541666666666,
      "19": 0.8463541666666666,
      "20": 0.8515625,
      "21": 0.8567708333333334,
      "22": 0.8619791666666666,
      "23": 0.8671875,
      "24": 0.8802083333333334,
      "25": 0.8880208333333334,
      "26": 0.9036458333333334,
      "27": 0.9114583333333334,
      "28": 0.9140625,
      "29": 0.921875,
      "30": 0.9244791666666666,
      "31": 0.9296875,
      "32": 0.9322916666666666,
      "33": 0.9375,
      "34": 0.9375,
      "35": 0.9401041666666666,
      "36": 0.9401041666666666,
      "37": 0.9427083333333334,
      "38": 0.9453125,
      "39": 0.953125,
      "40": 0.9557291666666666
    }
  },
  "verdicts": {
    "E06-H25": "Ships (reserved CPU-speed candidate)",
    "E06-H26": "Killed at gate",
    "E06-H27": "Refuted"
  },
  "survivors": [
    "E06-H25"
  ]
}