{
  "gate": "lift in a metric OR CPU latency, guardrails held",
  "shipped_intrusions": 6,
  "shipped_severity": "Set1>Set2",
  "cosine_recall3": 0.35374149659863946,
  "cosine_recall15": 0.6428571428571429,
  "H25": {
    "pairs": 6860,
    "waste": 2.325544671899471,
    "p100": 256,
    "cur_s": 426.60544914500497,
    "bucketed_s": 245.23762977899605,
    "cpu_cut": 0.42514182537870315,
    "max_abs_delta": 0.03889945149421692,
    "score_spearman": 0.999957702500272,
    "dgrd_spearman": 0.9999999999999999,
    "intrusions_cur": 6,
    "intrusions_bucketed": 6,
    "severity": "Set1>Set2",
    "preserved": true,
    "ships": true
  },
  "H26": {
    "repo": "jinaai/jina-colbert-v2",
    "recall3": 0.445578231292517,
    "spearman": 0.309090909090909,
    "intrusions": 2,
    "m_hit": 39,
    "proxy_recall3": 0.47,
    "cosine_recall3": 0.35374149659863946,
    "kill_pass": false,
    "replacement": false,
    "cascade": false,
    "cascade_cpu_cut": 0.0,
    "wall_s": 20.89431482800137,
    "curve": {
      "1": 0.24149659863945577,
      "2": 0.3707482993197279,
      "3": 0.445578231292517,
      "4": 0.5,
      "5": 0.5374149659863946,
      "6": 0.5476190476190477,
      "7": 0.5816326530612245,
      "8": 0.5986394557823129,
      "9": 0.6224489795918368,
      "10": 0.6360544217687075,
      "11": 0.6428571428571429,
      "12": 0.6496598639455783,
      "13": 0.6564625850340136,
      "14": 0.6700680272108843,
      "15": 0.7006802721088435,
      "16": 0.7244897959183674,
      "17": 0.7346938775510204,
      "18": 0.7380952380952381,
      "19": 0.7551020408163265,
      "20": 0.782312925170068,
      "21": 0.782312925170068,
      "22": 0.7857142857142857,
      "23": 0.8027210884353742,
      "24": 0.8197278911564626,
      "25": 0.8231292517006803,
      "26": 0.8299319727891157,
      "27": 0.8435374149659864,
      "28": 0.8503401360544217,
      "29": 0.8571428571428571,
      "30": 0.8639455782312925,
      "31": 0.8741496598639455,
      "32": 0.8843537414965986,
      "33": 0.8945578231292517,
      "34": 0.9183673469387755,
      "35": 0.9251700680272109,
      "36": 0.9319727891156463,
      "37": 0.9421768707482994,
      "38": 0.9489795918367347,
      "39": 0.9523809523809523,
      "40": 0.95578231292517
    }
  },
  "H27": {
    "repo": "BAAI/bge-m3",
    "recall3": 0.5612244897959183,
    "recall15": 0.8673469387755102,
    "spearman": 0.7696969696969697,
    "intrusions": 4,
    "m_hit": 33,
    "proxy_recall15": 0.34,
    "cosine_recall15": 0.6428571428571429,
    "kill_pass": true,
    "replacement": false,
    "cascade": false,
    "cascade_cpu_cut": 0.0,
    "wall_s": 27.22836924299918,
    "curve": {
      "1": 0.2789115646258503,
      "2": 0.4523809523809524,
      "3": 0.5612244897959183,
      "4": 0.6496598639455783,
      "5": 0.6972789115646258,
      "6": 0.7278911564625851,
      "7": 0.7653061224489796,
      "8": 0.7891156462585034,
      "9": 0.8197278911564626,
      "10": 0.8197278911564626,
      "11": 0.8231292517006803,
      "12": 0.8333333333333334,
      "13": 0.8503401360544217,
      "14": 0.8605442176870748,
      "15": 0.8673469387755102,
      "16": 0.8707482993197279,
      "17": 0.8741496598639455,
      "18": 0.8809523809523809,
      "19": 0.8809523809523809,
      "20": 0.8843537414965986,
      "21": 0.8945578231292517,
      "22": 0.9081632653061225,
      "23": 0.9115646258503401,
      "24": 0.9183673469387755,
      "25": 0.9217687074829932,
      "26": 0.9251700680272109,
      "27": 0.9285714285714286,
      "28": 0.9285714285714286,
      "29": 0.935374149659864,
      "30": 0.9421768707482994,
      "31": 0.9421768707482994,
      "32": 0.9489795918367347,
      "33": 0.9523809523809523,
      "34": 0.95578231292517,
      "35": 0.95578231292517,
      "36": 0.9591836734693877,
      "37": 0.9625850340136054,
      "38": 0.9625850340136054,
      "39": 0.9693877551020408,
      "40": 0.9693877551020408
    }
  },
  "verdicts": {
    "E06-H25": "Ships (reserved CPU-speed candidate)",
    "E06-H26": "Killed at gate",
    "E06-H27": "Refuted"
  },
  "survivors": [
    "E06-H25"
  ]
}